﻿designator,quantity,value,pack,mpn,mount_type
"C1, C2",2,10uf,C_1206_3216Metric,,smt
D1,1,HS1MFL,D_SOD-123,,smt
"H1, H2, H3, H4",4,MountingHole,MountingHole_4.3mm_M4,,tht
J1,1,TRANSDUCER,TerminalBlock_MetzConnect_Type073_RT02603HBLU_1x03_P5.08mm_Horizontal,,tht
J10,1,Screw_Terminal_01x03,JST_PH_B3B-PH-K_1x03_P2.00mm_Vertical,,tht
J11,1,AC_L,Quick Disconnect,,tht
J12,1,AC_N,Quick Disconnect,,tht
J2,1,BOILER_SSR,JST_PH_B2B-PH-K_1x02_P2.00mm_Vertical,,tht
"J3, J5",2,Conn_01x03,1x03 Pin Header Holes,,tht
J4,1,Screw_Terminal_01x02,TerminalBlock_MetzConnect_Type101_RT01602HBWC_1x02_P5.08mm_Horizontal,,tht
J6,1,BREW_SW,JST_PH_B2B-PH-K_1x02_P2.00mm_Vertical,,tht
J7,1,STEAM_SW,JST_PH_B2B-PH-K_1x02_P2.00mm_Vertical,,tht
J8,1,PUMP_L,Quick Disconnect,,tht
J9,1,3WAY_L,Quick Disconnect,,tht
"OC1, OC3",2,MOC3021S-TA1,SMDIP-6_W7.62mm,,smt
OC2,1,4N35,SMDIP-6_W7.62mm,,smt
Q1,1,BC847,SOT-23,,smt
"Q2, Q3",2,ACST410-8BTR,TO-252-2,,smt
"R1, R2, R6, R7",4,240,R_1206_3216Metric,,smt
R10,1,56k,R_2512_6332Metric,,smt
"R11, R12",2,220,R_2512_6332Metric,,smt
"R3, R4, R5",3,470,R_1206_3216Metric,,smt
"R8, R9",2,470,R_2512_6332Metric,,smt
U1,1,ADS1115IDGS,TSSOP-10_3x3mm_P0.5mm,,smt
U2,1,Pico,RPi_Pico_SMD_TH,,tht
U3,1,MAX31855KASA,SOIC-8_3.9x4.9mm_P1.27mm,,smt
