﻿pos_x,pos_y,rotation,side,designator,mpn,pack,value,mount_type,place
192.477,-102.323,-90.0,top,C1,,C_1206_3216Metric,C_Small,smt,True
175.205,-102.323,-90.0,top,C2,,C_1206_3216Metric,C_Small,smt,True
159.457,-112.483,90.0,top,D1,,D_SOD-128,RFN1LAM6STR,smt,True
93.457,-124.167,0.0,top,H1,,MountingHole_2.7mm_M2.5,MountingHole,tht,False
93.457,-66.763,0.0,top,H2,,MountingHole_2.7mm_M2.5,MountingHole,tht,False
201.661,-66.763,0.0,top,H3,,MountingHole_2.7mm_M2.5,MountingHole,tht,False
201.661,-124.167,0.0,top,H4,,MountingHole_2.7mm_M2.5,MountingHole,tht,False
133.081,-119.595,0.0,top,J1,,TerminalBlock_MetzConnect_Type073_RT02603HBLU_1x03_P5.08mm_Horizontal,TRANSDUCER,tht,False
193.948,-111.975,90.0,top,J11,,Quick Disconnect,3WAY_L,tht,True
101.584,-66.506,0.0,top,J2,,JST_PH_B3B-PH-K_1x03_P2.00mm_Vertical,Screw_Terminal_01x03,tht,False
110.855,-66.506,0.0,top,J3,,JST_PH_B2B-PH-K_1x02_P2.00mm_Vertical,BREW_SW,tht,False
118.221,-66.506,0.0,top,J4,,JST_PH_B2B-PH-K_1x02_P2.00mm_Vertical,STEAM_SW,tht,False
201.168,-112.268,90.0,top,J5,,Quick Disconnect,AC_L,tht,True
201.168,-99.275,90.0,top,J6,,Quick Disconnect,AC_N,tht,True
125.492,-66.506,0.0,top,J7,,JST_PH_B2B-PH-K_1x02_P2.00mm_Vertical,BOILER_SSR,tht,False
118.852,-120.611,0.0,top,J8,,TerminalBlock_MetzConnect_Type101_RT01602HBWC_1x02_P5.08mm_Horizontal,Screw_Terminal_01x02,tht,False
176.729,-111.975,90.0,top,J9,,Quick Disconnect,PUMP_L,tht,True
156.917,-97.751,90.0,top,OC1,,SMDIP-6_W7.62mm,4N35,smt,True
166.569,-94.195,-90.0,top,OC2,,SMDIP-6_W7.62mm,MOC3021S-TA1,smt,True
183.841,-94.195,-90.0,top,OC3,,SMDIP-6_W7.62mm,MOC3021S-TA1,smt,True
154.495,-88.967,0.0,top,Q1,,TO-92_Inline,BC547,tht,True
167.117,-112.991,180.0,top,Q2,,TO-252-2,BT136S-600,smt,True
184.389,-112.991,180.0,top,Q3,,TO-252-2,BT136S-600,smt,True
140.97,-72.8365,90.0,top,R1,,R_1206_3216Metric,470,smt,True
188.921,-103.847,-90.0,top,R10,,R_2512_6332Metric,220,smt,True
183.841,-103.847,-90.0,top,R11,,R_2512_6332Metric,470,smt,True
123.19,-73.5,90.0,top,R12,,R_1206_3216Metric,100,smt,True
143.51,-72.8365,90.0,top,R2,,R_1206_3216Metric,10k,smt,True
128.27,-73.5,90.0,top,R3,,R_1206_3216Metric,100,smt,True
139.954,-69.088,180.0,top,R4,,R_1206_3216Metric,240,smt,True
166.061,-103.847,-90.0,top,R5,,R_2512_6332Metric,470,smt,True
154.885,-112.991,90.0,top,R6,,R_2512_6332Metric,10k,smt,True
171.649,-103.847,-90.0,top,R7,,R_2512_6332Metric,220,smt,True
133.35,-72.898,90.0,top,R8,,R_1206_3216Metric,470,smt,True
134.366,-69.088,0.0,top,R9,,R_1206_3216Metric,240,smt,True
119.38,-89.535,90.0,top,U1,,RPi_Pico_SMD_TH,Pico,tht,False
132.08,-109.846,90.0,top,U2,,TSSOP-10_3x3mm_P0.5mm,ADS1115IDGS,smt,True
124.064,-110.894,90.0,top,U3,,SOIC-8_3.9x4.9mm_P1.27mm,MAX31855KASA,smt,True
