﻿pos_x,pos_y,rotation,side,designator,mpn,pack,value,mount_type,place
21.082,14.81,90.0,top,C1,,C_1206_3216Metric,10uf,smt,True
37.592,14.81,90.0,top,C2,,C_1206_3216Metric,10uf,smt,True
49.53,26.8005,-90.0,top,D1,,D_SOD-123,RFN1LAM6STR,smt,True
5.08,96.52,-90.0,top,H1,,MountingHole_4.3mm_M4,MountingHole,tht,True
5.08,5.08,-90.0,top,H2,,MountingHole_4.3mm_M4,MountingHole,tht,True
58.42,5.08,-90.0,top,H3,,MountingHole_4.3mm_M4,MountingHole,tht,True
58.42,96.52,-90.0,top,H4,,MountingHole_4.3mm_M4,MountingHole,tht,True
6.35,76.2,-90.0,top,J1,,TerminalBlock_MetzConnect_Type073_RT02603HBLU_1x03_P5.08mm_Horizontal,TRANSDUCER,tht,True
17.78,96.52,90.0,top,J10,,1x03 Pin Header Holes,Conn_01x03,tht,True
15.6625,8.89,0.0,top,J11,,Quick Disconnect,3WAY_L,tht,True
31.75,46.99,0.0,top,J12,,1x03 Pin Header Holes,Conn_01x03,tht,True
46.895,98.975,0.0,top,J2,,JST_PH_B3B-PH-K_1x03_P2.00mm_Vertical,Screw_Terminal_01x03,tht,True
60.875,88.63,-90.0,top,J3,,JST_PH_B2B-PH-K_1x02_P2.00mm_Vertical,BREW_SW,tht,True
60.875,80.645,-90.0,top,J4,,JST_PH_B2B-PH-K_1x02_P2.00mm_Vertical,STEAM_SW,tht,True
58.42,16.51,0.0,top,J5,,Quick Disconnect,AC_L,tht,True
58.42,25.4,0.0,top,J6,,Quick Disconnect,AC_N,tht,True
60.96,72.39,-90.0,top,J7,,JST_PH_B2B-PH-K_1x02_P2.00mm_Vertical,BOILER_SSR,tht,True
6.35,87.63,-90.0,top,J8,,TerminalBlock_MetzConnect_Type101_RT01602HBWC_1x02_P5.08mm_Horizontal,Screw_Terminal_01x02,tht,True
32.1725,8.89,0.0,top,J9,,Quick Disconnect,PUMP_L,tht,True
55.88,34.29,90.0,top,OC1,,SMDIP-6_W7.62mm,4N35,smt,True
33.025,34.29,-90.0,top,OC2,,SMDIP-6_W7.62mm,MOC3021S-TA1,smt,True
16.51,34.29,-90.0,top,OC3,,SMDIP-6_W7.62mm,MOC3021S-TA1,smt,True
57.4825,42.23,180.0,top,Q1,,SOT-23,BC847,smt,True
32.005,23.735,90.0,top,Q2,,TO-252-2,BT136S-600,smt,True
15.495,23.735,90.0,top,Q3,,TO-252-2,BT136S-600,smt,True
46.99,53.34,0.0,top,R1,,R_1206_3216Metric,470,smt,True
15.6625,15.24,180.0,top,R10,,R_2512_6332Metric,220,smt,True
21.585,21.1675,-90.0,top,R11,,R_2512_6332Metric,470,smt,True
47.1825,71.12,0.0,top,R12,,R_1206_3216Metric,240,smt,True
46.99,50.8,0.0,top,R2,,R_1206_3216Metric,470,smt,True
47.1825,66.04,0.0,top,R3,,R_1206_3216Metric,240,smt,True
34.0975,42.265,180.0,top,R4,,R_1206_3216Metric,240,smt,True
38.1,21.1675,-90.0,top,R5,,R_2512_6332Metric,470,smt,True
44.45,27.5175,90.0,top,R6,,R_2512_6332Metric,20k,smt,True
32.1725,15.24,180.0,top,R7,,R_2512_6332Metric,220,smt,True
47.1825,60.96,0.0,top,R8,,R_1206_3216Metric,470,smt,True
17.5875,42.265,180.0,top,R9,,R_1206_3216Metric,240,smt,True
31.75,74.93,0.0,top,U1,,RPi_Pico_SMD_TH,Pico,tht,True
15.875,67.04,0.0,top,U2,,TSSOP-10_3x3mm_P0.5mm,ADS1115IDGS,smt,True
15.24,83.185,0.0,top,U3,,SOIC-8_3.9x4.9mm_P1.27mm,MAX31855KASA,smt,True
