﻿pos_x,pos_y,rotation,side,designator,mpn,pack,value,mount_type,place
86.79,37.592,180.0,top,C1,,C_1206_3216Metric,10uf,smt,True
86.79,21.082,180.0,top,C2,,C_1206_3216Metric,10uf,smt,True
74.7995,49.53,0.0,top,D1,,D_SOD-123,HS1MFL,smt,True
5.08,5.08,0.0,top,H1,,MountingHole_4.3mm_M4,MountingHole,tht,True
96.52,5.08,0.0,top,H2,,MountingHole_4.3mm_M4,MountingHole,tht,True
96.52,58.42,0.0,top,H3,,MountingHole_4.3mm_M4,MountingHole,tht,True
5.08,58.42,0.0,top,H4,,MountingHole_4.3mm_M4,MountingHole,tht,True
25.2695,7.179,0.0,top,J1,,TerminalBlock_MetzConnect_Type073_RT02603HBLU_1x03_P5.08mm_Horizontal,TRANSDUCER,tht,True
2.625,46.895,90.0,top,J10,,JST_PH_B3B-PH-K_1x03_P2.00mm_Vertical,Screw_Terminal_01x03,tht,True
85.09,58.42,90.0,top,J11,,Quick Disconnect,AC_L,tht,True
76.2,58.42,90.0,top,J12,,Quick Disconnect,AC_N,tht,True
29.21,60.96,0.0,top,J2,,JST_PH_B2B-PH-K_1x02_P2.00mm_Vertical,BOILER_SSR,tht,True
5.08,17.78,180.0,top,J3,,1x03 Pin Header Holes,Conn_01x03,tht,True
13.0725,6.163,0.0,top,J4,,TerminalBlock_MetzConnect_Type101_RT01602HBWC_1x02_P5.08mm_Horizontal,Screw_Terminal_01x02,tht,True
54.61,31.75,90.0,top,J5,,1x03 Pin Header Holes,Conn_01x03,tht,True
12.97,60.875,0.0,top,J6,,JST_PH_B2B-PH-K_1x02_P2.00mm_Vertical,BREW_SW,tht,True
20.955,60.875,0.0,top,J7,,JST_PH_B2B-PH-K_1x02_P2.00mm_Vertical,STEAM_SW,tht,True
92.71,32.1725,90.0,top,J8,,Quick Disconnect,PUMP_L,tht,True
92.71,15.6625,90.0,top,J9,,Quick Disconnect,3WAY_L,tht,True
67.31,16.51,0.0,top,OC1,,SMDIP-6_W7.62mm,MOC3021S-TA1,smt,True
67.31,55.88,180.0,top,OC2,,SMDIP-6_W7.62mm,4N35,smt,True
67.31,33.025,0.0,top,OC3,,SMDIP-6_W7.62mm,MOC3021S-TA1,smt,True
59.37,57.4825,-90.0,top,Q1,,SOT-23,BC847,smt,True
77.865,32.005,180.0,top,Q2,,TO-252-2,ACST410-8BTR,smt,True
77.865,15.495,180.0,top,Q3,,TO-252-2,ACST410-8BTR,smt,True
30.48,47.1825,90.0,top,R1,,R_1206_3216Metric,240,smt,True
74.0825,44.45,180.0,top,R10,,R_2512_6332Metric,56k,smt,True
86.36,32.1725,-90.0,top,R11,,R_2512_6332Metric,220,smt,True
86.36,15.6625,-90.0,top,R12,,R_2512_6332Metric,220,smt,True
35.56,47.1825,90.0,top,R2,,R_1206_3216Metric,240,smt,True
50.8,46.99,90.0,top,R3,,R_1206_3216Metric,470,smt,True
40.64,47.1825,90.0,top,R4,,R_1206_3216Metric,470,smt,True
48.26,46.99,90.0,top,R5,,R_1206_3216Metric,470,smt,True
59.335,17.5875,-90.0,top,R6,,R_1206_3216Metric,240,smt,True
59.335,34.0975,-90.0,top,R7,,R_1206_3216Metric,240,smt,True
80.4325,21.585,0.0,top,R8,,R_2512_6332Metric,470,smt,True
80.4325,38.1,0.0,top,R9,,R_2512_6332Metric,470,smt,True
41.7795,10.227,90.0,top,U1,,TSSOP-10_3x3mm_P0.5mm,ADS1115IDGS,smt,True
26.67,31.75,90.0,top,U2,,RPi_Pico_SMD_TH,Pico,tht,True
13.7125,14.734,90.0,top,U3,,SOIC-8_3.9x4.9mm_P1.27mm,MAX31855KASA,smt,True
