﻿pos_x,pos_y,rotation,side,designator,mpn,pack,value,mount_type,place
102.377,24.853,-90.0,top,C1,,C_1206_3216Metric,10uf,smt,True
85.105,24.853,-90.0,top,C2,,C_1206_3216Metric,10uf,smt,True
69.048,14.732,90.0,top,D1,,D_SOD-128,RFN1LAM6STR,smt,True
3.048,3.048,0.0,top,H1,,MountingHole_2.7mm_M2.5,MountingHole,tht,True
3.048,60.452,0.0,top,H2,,MountingHole_2.7mm_M2.5,MountingHole,tht,True
111.252,60.452,0.0,top,H3,,MountingHole_2.7mm_M2.5,MountingHole,tht,True
111.252,3.048,0.0,top,H4,,MountingHole_2.7mm_M2.5,MountingHole,tht,True
42.672,7.62,0.0,top,J1,,TerminalBlock_MetzConnect_Type073_RT02603HBLU_1x03_P5.08mm_Horizontal,TRANSDUCER,tht,True
103.647,15.201,90.0,top,J11,,Quick Disconnect,3WAY_L,tht,True
11.175,60.709,0.0,top,J2,,JST_PH_B3B-PH-K_1x03_P2.00mm_Vertical,Screw_Terminal_01x03,tht,True
20.446,60.709,0.0,top,J3,,JST_PH_B2B-PH-K_1x02_P2.00mm_Vertical,BREW_SW,tht,True
27.812,60.709,0.0,top,J4,,JST_PH_B2B-PH-K_1x02_P2.00mm_Vertical,STEAM_SW,tht,True
110.759,15.201,90.0,top,J5,,Quick Disconnect,AC_L,tht,True
110.759,27.94,90.0,top,J6,,Quick Disconnect,AC_N,tht,True
35.083,60.709,0.0,top,J7,,JST_PH_B2B-PH-K_1x02_P2.00mm_Vertical,BOILER_SSR,tht,True
28.443,6.604,0.0,top,J8,,TerminalBlock_MetzConnect_Type101_RT01602HBWC_1x02_P5.08mm_Horizontal,Screw_Terminal_01x02,tht,True
86.32,15.24,90.0,top,J9,,Quick Disconnect,PUMP_L,tht,True
66.508,29.464,90.0,top,OC1,,SMDIP-6_W7.62mm,4N35,smt,True
76.16,33.02,-90.0,top,OC2,,SMDIP-6_W7.62mm,MOC3021S-TA1,smt,True
93.432,33.02,-90.0,top,OC3,,SMDIP-6_W7.62mm,MOC3021S-TA1,smt,True
64.086,38.248,0.0,top,Q1,,TO-92_Inline,BC547,tht,True
76.708,14.224,180.0,top,Q2,,TO-252-2,BT136S-600,smt,True
93.98,14.224,180.0,top,Q3,,TO-252-2,BT136S-600,smt,True
50.561,54.3785,90.0,top,R1,,R_1206_3216Metric,470,smt,True
98.512,23.368,-90.0,top,R10,,R_2512_6332Metric,220,smt,True
93.432,23.368,-90.0,top,R11,,R_2512_6332Metric,470,smt,True
31.257,54.571,180.0,top,R12,,R_1206_3216Metric,240,smt,True
53.101,54.3785,90.0,top,R2,,R_1206_3216Metric,470,smt,True
36.337,54.571,180.0,top,R3,,R_1206_3216Metric,240,smt,True
49.545,58.127,180.0,top,R4,,R_1206_3216Metric,240,smt,True
75.961,23.368,-90.0,top,R5,,R_2512_6332Metric,470,smt,True
64.476,14.224,90.0,top,R6,,R_2512_6332Metric,470,smt,True
81.24,23.368,-90.0,top,R7,,R_2512_6332Metric,220,smt,True
42.941,54.317,90.0,top,R8,,R_1206_3216Metric,470,smt,True
43.957,58.127,0.0,top,R9,,R_1206_3216Metric,240,smt,True
28.971,37.68,90.0,top,U1,,RPi_Pico_SMD_TH,Pico,tht,True
41.671,17.369,90.0,top,U2,,TSSOP-10_3x3mm_P0.5mm,ADS1115IDGS,smt,True
33.655,16.321,90.0,top,U3,,SOIC-8_3.9x4.9mm_P1.27mm,MAX31855KASA,smt,True
