﻿designator,quantity,value,pack,mpn,mount_type
"C1, C2",2,10uf,C_1206_3216Metric,,smt
D1,1,RFN1LAM6STR,D_SOD-128,,smt
"H1, H2, H3, H4",4,MountingHole,MountingHole_2.7mm_M2.5,,tht
J1,1,TRANSDUCER,TerminalBlock_MetzConnect_Type073_RT02603HBLU_1x03_P5.08mm_Horizontal,,tht
J11,1,3WAY_L,Quick Disconnect,,tht
J2,1,Screw_Terminal_01x03,JST_PH_B3B-PH-K_1x03_P2.00mm_Vertical,,tht
J3,1,BREW_SW,JST_PH_B2B-PH-K_1x02_P2.00mm_Vertical,,tht
J4,1,STEAM_SW,JST_PH_B2B-PH-K_1x02_P2.00mm_Vertical,,tht
J5,1,AC_L,Quick Disconnect,,tht
J6,1,AC_N,Quick Disconnect,,tht
J7,1,BOILER_SSR,JST_PH_B2B-PH-K_1x02_P2.00mm_Vertical,,tht
J8,1,Screw_Terminal_01x02,TerminalBlock_MetzConnect_Type101_RT01602HBWC_1x02_P5.08mm_Horizontal,,tht
J9,1,PUMP_L,Quick Disconnect,,tht
OC1,1,4N35,SMDIP-6_W7.62mm,,smt
"OC2, OC3",2,MOC3021S-TA1,SMDIP-6_W7.62mm,,smt
Q1,1,BC547,TO-92_Inline,,tht
"Q2, Q3",2,BT136S-600,TO-252-2,,smt
"R1, R2, R8",3,470,R_1206_3216Metric,,smt
"R10, R7",2,220,R_2512_6332Metric,,smt
"R11, R5, R6",3,470,R_2512_6332Metric,,smt
"R12, R3, R4, R9",4,240,R_1206_3216Metric,,smt
U1,1,Pico,RPi_Pico_SMD_TH,,tht
U2,1,ADS1115IDGS,TSSOP-10_3x3mm_P0.5mm,,smt
U3,1,MAX31855KASA,SOIC-8_3.9x4.9mm_P1.27mm,,smt
